Netid,Full Name,Enter Grade Here,Classification, First Name,Last Name,NDID, Email, Info
nachkar,"Achkar, Noor","",Junior,Noor,Achkar,902138238,nachkar@nd.edu, CSE 30341 Sec 01 CRN: 14423kambrose,"Ambrose, Kayla","",Senior,Kayla,Ambrose,902083045,kambrose@nd.edu, CSE 30341 Sec 01 CRN: 14423jarella2,"Arellano, Jeremy","",Junior,Jeremy,Arellano,902137235,jarella2@nd.edu, CSE 30341 Sec 01 CRN: 14423aarmelin,"Armelin, Ashley","",Junior,Ashley,Armelin,902138481,aarmelin@nd.edu, CSE 30341 Sec 01 CRN: 14423cbae,"Bae, Ray","",Junior,Ray,Bae,902146287,cbae@nd.edu, CSE 30341 Sec 01 CRN: 14423mbai,"Bai, Michael","",Junior,Michael,Bai,902138574,mbai@nd.edu, CSE 30341 Sec 01 CRN: 14423abannan,"Bannan, Angela","",Senior,Angela,Bannan,902083259,abannan@nd.edu, CSE 30341 Sec 01 CRN: 14423jbarry8,"Barry, Jack","",Junior,Jack,Barry,902123630,jbarry8@nd.edu, CSE 30341 Sec 01 CRN: 14423jbechte2,"Bechtel, Jacob","",Junior,Jacob,Bechtel,902123683,jbechte2@nd.edu, CSE 30341 Sec 01 CRN: 14423jbih2,"Bih, Joshua","",Junior,Joshua,Bih,902138835,jbih2@nd.edu, CSE 30341 Sec 01 CRN: 14423cboumalh,"Boumalhab, Chris","",Junior,Chris,Boumalhab,902138925,cboumalh@nd.edu, CSE 30341 Sec 01 CRN: 14423jbrammer,"Brammer, Jason","",Junior,Jason,Brammer,902156920,jbrammer@nd.edu, CSE 30341 Sec 01 CRN: 14423bburns4,"Burns, Brigid","",Junior,Brigid,Burns,902117542,bburns4@nd.edu, CSE 30341 Sec 01 CRN: 14423ccapone,"Capone, Chris","",Junior,Chris,Capone,902124202,ccapone@nd.edu, CSE 30341 Sec 01 CRN: 14423mcarbona,"Carbonaro, Matthew","",Junior,Matthew,Carbonaro,902124215,mcarbona@nd.edu, CSE 30341 Sec 01 CRN: 14423jchun2,"Chun, Josh","",Junior,Josh,Chun,902124401,jchun2@nd.edu, CSE 30341 Sec 01 CRN: 14423dcoffey,"Coffey, Dillon","",Senior,Dillon,Coffey,902059379,dcoffey@nd.edu, CSE 30341 Sec 01 CRN: 14423dcroft,"Croft, Danielle","",Junior,Danielle,Croft,902124646,dcroft@nd.edu, CSE 30341 Sec 01 CRN: 14423tdeiser,"Deiser, Tommy","",Junior,Tommy,Deiser,902139838,tdeiser@nd.edu, CSE 30341 Sec 01 CRN: 14423rdettlin,"Dettling, Ryan","",Junior,Ryan,Dettling,902139894,rdettlin@nd.edu, CSE 30341 Sec 01 CRN: 14423ddieder2,"Diederich, Dominic","",Junior,Dominic,Diederich,902124915,ddieder2@nd.edu, CSE 30341 Sec 01 CRN: 14423adugan2,"Dugan, Aileen","",Senior,Aileen,Dugan,902021893,adugan2@nd.edu, CSE 30341 Sec 01 CRN: 14423aduran2,"Duran, Ashley","",Senior,Ashley,Duran,902084909,aduran2@nd.edu, CSE 30341 Sec 01 CRN: 14423begloff,"Egloff, Ben","",Junior,Ben,Egloff,902134530,begloff@nd.edu, CSE 30341 Sec 01 CRN: 14423cfakhimi,"Fakhimi, Chris","",Junior,Chris,Fakhimi,902140203,cfakhimi@nd.edu, CSE 30341 Sec 01 CRN: 14423kfare,"Fare, Kaitlyn","",Junior,Kaitlyn,Fare,902140209,kfare@nd.edu, CSE 30341 Sec 01 CRN: 14423dfrinkla,"Frink-Larcart, Desereé","",Senior,Desereé,Frink-Larcart,902060369,dfrinkla@nd.edu, CSE 30341 Sec 01 CRN: 14423jgalassi,"Galassi, Jack","",Junior,Jack,Galassi,902119516,jgalassi@nd.edu, CSE 30341 Sec 01 CRN: 14423agonza35,"Gonzalez, Ana Sofia","",Senior,Ana Sofia,Gonzalez,902085589,agonza35@nd.edu, CSE 30341 Sec 01 CRN: 14423cgoodwi2,"Goodwine, Kerry","",Junior,Kerry,Goodwine,902119524,cgoodwi2@nd.edu, CSE 30341 Sec 01 CRN: 14423agordon4,"Gordon, Aidan","",Senior,Aidan,Gordon,902101008,agordon4@nd.edu, CSE 30341 Sec 01 CRN: 14423bgould,"Gould, Brennan","",Junior,Brennan,Gould,902125827,bgould@nd.edu, CSE 30341 Sec 01 CRN: 14423aguinan2,"Guinan, Annie","",Junior,Annie,Guinan,902133237,aguinan2@nd.edu, CSE 30341 Sec 01 CRN: 14423jgutier7,"Gutierrez, Jacob","",Junior,Jacob,Gutierrez,902140845,jgutier7@nd.edu, CSE 30341 Sec 01 CRN: 14423chackl,"Hackl, Claire","",Junior,Claire,Hackl,902125984,chackl@nd.edu, CSE 30341 Sec 01 CRN: 14423ehall9,"Hall, Evan","",Junior,Evan,Hall,902126013,ehall9@nd.edu, CSE 30341 Sec 01 CRN: 14423mhanstad,"Hanstad, Mary","",Junior,Mary,Hanstad,902140935,mhanstad@nd.edu, CSE 30341 Sec 01 CRN: 14423aheger,"Heger, Anna","",Senior,Anna,Heger,902093027,aheger@nd.edu, CSE 30341 Sec 01 CRN: 14423mheller5,"Heller, Meredith","",Junior,Meredith,Heller,902126176,mheller5@nd.edu, CSE 30341 Sec 01 CRN: 14423jhepler2,"Hepler, Jacob","",Junior,Jacob,Hepler,902126211,jhepler2@nd.edu, CSE 30341 Sec 01 CRN: 14423nhotai,"Ho-Tai, Noah","",Junior,Noah,Ho-Tai,902141143,nhotai@nd.edu, CSE 30341 Sec 01 CRN: 14423hjeon,"Jeon, Clare","",Senior,Clare,Jeon,902061331,hjeon@nd.edu, CSE 30341 Sec 01 CRN: 14423jkarr,"Karr, Jonathan","",Junior,Jonathan,Karr,902126699,jkarr@nd.edu, CSE 30341 Sec 01 CRN: 14423mkenne24,"Kennedy, Matt","",Junior,Matt,Kennedy,902119547,mkenne24@nd.edu, CSE 30341 Sec 01 CRN: 14423aklempay,"Klempay, Anna","",Junior,Anna,Klempay,902126904,aklempay@nd.edu, CSE 30341 Sec 01 CRN: 14423cknott,"Knott, Camille","",Senior,Camille,Knott,902102205,cknott@nd.edu, CSE 30341 Sec 01 CRN: 14423tkomeiji,"Komeiji, Trevor","",Junior,Trevor,Komeiji,902141886,tkomeiji@nd.edu, CSE 30341 Sec 01 CRN: 14423dkrill,"Krill, Dan","",Junior,Dan,Krill,902127012,dkrill@nd.edu, CSE 30341 Sec 01 CRN: 14423ckuczun,"Kuczun, Claudia","",Junior,Claudia,Kuczun,902127041,ckuczun@nd.edu, CSE 30341 Sec 01 CRN: 14423dlair,"Lair, Drew","",Junior,Drew,Lair,902146405,dlair@nd.edu, CSE 30341 Sec 01 CRN: 14423jlamber4,"Lambert, Jack","",Junior,Jack,Lambert,902142021,jlamber4@nd.edu, CSE 30341 Sec 01 CRN: 14423jlee89,"Lee, Anton","",Junior,Anton,Lee,902127217,jlee89@nd.edu, CSE 30341 Sec 01 CRN: 14423dliu6,"Liu, David","",Junior,David,Liu,902127355,dliu6@nd.edu, CSE 30341 Sec 01 CRN: 14423slombard,"Lombardo, Sofia","",Junior,Sofia,Lombardo,902142408,slombard@nd.edu, CSE 30341 Sec 01 CRN: 14423hlong3,"Long, Hannah","",Junior,Hannah,Long,902127403,hlong3@nd.edu, CSE 30341 Sec 01 CRN: 14423nmader2,"Mader, Noah","",Senior,Noah,Mader,902087461,nmader2@nd.edu, CSE 30341 Sec 01 CRN: 14423rmccann2,"McCann, Ryan","",Junior,Ryan,McCann,902142787,rmccann2@nd.edu, CSE 30341 Sec 01 CRN: 14423kmealey2,"Mealey, Kate","",Junior,Kate,Mealey,902127909,kmealey2@nd.edu, CSE 30341 Sec 01 CRN: 14423cmille47,"Miller, Christian","",Junior,Christian,Miller,902143006,cmille47@nd.edu, CSE 30341 Sec 01 CRN: 14423amuller2,"Muller, Anna","",Junior,Anna,Muller,902128237,amuller2@nd.edu, CSE 30341 Sec 01 CRN: 14423jnguyen5,"Nguyen, Jon","",Junior,Jon,Nguyen,902128375,jnguyen5@nd.edu, CSE 30341 Sec 01 CRN: 14423mnovak5,"Novak, Meghan","",Junior,Meghan,Novak,902143421,mnovak5@nd.edu, CSE 30341 Sec 01 CRN: 14423cocallah,"O'Callahan, Conor","",Junior,Conor,O'Callahan,902128475,cocallah@nd.edu, CSE 30341 Sec 01 CRN: 14423soeshic,"Oeshic, Syed","",Junior,Syed,Oeshic,902049307,soeshic@nd.edu, CSE 30341 Sec 01 CRN: 14423kolvera,"Olvera, Kevin","",Senior,Kevin,Olvera,902088618,kolvera@nd.edu, CSE 30341 Sec 01 CRN: 14423aorozcog,"Orozco Gorjon, Santiago","",Junior,Santiago,Orozco Gorjon,902078552,aorozcog@nd.edu, CSE 30341 Sec 01 CRN: 14423cpardi,"Pardi, Catherine","",Junior,Catherine,Pardi,902143706,cpardi@nd.edu, CSE 30341 Sec 01 CRN: 14423apelham2,"Pelham, Andrew","",Junior,Andrew,Pelham,902128796,apelham2@nd.edu, CSE 30341 Sec 01 CRN: 14423dpepple,"Pepple, Derek","",Junior,Derek,Pepple,902128808,dpepple@nd.edu, CSE 30341 Sec 01 CRN: 14423gperry,"Perry, George","",Junior,George,Perry,902128841,gperry@nd.edu, CSE 30341 Sec 01 CRN: 14423jporubci,"Porubcin, Jozef","",Junior,Jozef,Porubcin,902143979,jporubci@nd.edu, CSE 30341 Sec 01 CRN: 14423trobert9,"Roberts, Ted","",Junior,Ted,Roberts,902144254,trobert9@nd.edu, CSE 30341 Sec 01 CRN: 14423arodri37,"Rodriguez, Adamari","",Junior,Adamari,Rodriguez,902131945,arodri37@nd.edu, CSE 30341 Sec 01 CRN: 14423jrodri27,"Rodriguez, Jose","",Junior,Jose,Rodriguez,902144281,jrodri27@nd.edu, CSE 30341 Sec 01 CRN: 14423mrumsey,"Rumsey, Mark","",Junior,Mark,Rumsey,902129432,mrumsey@nd.edu, CSE 30341 Sec 01 CRN: 14423dscherme,"Schermerhorn, Danny","",Junior,Danny,Schermerhorn,902129588,dscherme@nd.edu, CSE 30341 Sec 01 CRN: 14423msilvest,"Silvestri, Maria","",Junior,Maria,Silvestri,902144783,msilvest@nd.edu, CSE 30341 Sec 01 CRN: 14423nsinnaev,"Sinnaeve, Nolan","",Junior,Nolan,Sinnaeve,902129878,nsinnaev@nd.edu, CSE 30341 Sec 01 CRN: 14423mspadafo,"Spadafore, Matthew","",Junior,Matthew,Spadafore,902130032,mspadafo@nd.edu, CSE 30341 Sec 01 CRN: 14423jsteve22,"Stevens, Jeremy","",Junior,Jeremy,Stevens,902145012,jsteve22@nd.edu, CSE 30341 Sec 01 CRN: 14423jszydlow,"Szydlowski, Jenna","",Junior,Jenna,Szydlowski,902145127,jszydlow@nd.edu, CSE 30341 Sec 01 CRN: 14423htrinh,"Trinh, Tram","",Junior,Tram,Trinh,902130445,htrinh@nd.edu, CSE 30341 Sec 01 CRN: 14423mtrosse2,"Trossen, Mitchell","",Junior,Mitchell,Trossen,902130457,mtrosse2@nd.edu, CSE 30341 Sec 01 CRN: 14423wtruluck,"Truluck, Will","",Junior,Will,Truluck,902116825,wtruluck@nd.edu, CSE 30341 Sec 01 CRN: 14423aturne22,"Turner, Andrea","",Junior,Andrea,Turner,902130487,aturne22@nd.edu, CSE 30341 Sec 01 CRN: 14423cvalenc3,"Valencia, Coleen Joelle","",Senior,Coleen Joelle,Valencia,902090703,cvalenc3@nd.edu, CSE 30341 Sec 01 CRN: 14423bvancast,"Van Caster, Bryce","",Junior,Bryce,Van Caster,902130562,bvancast@nd.edu, CSE 30341 Sec 01 CRN: 14423jvisbal,"Visbal, Jorge","",Senior,Jorge,Visbal,902090817,jvisbal@nd.edu, CSE 30341 Sec 01 CRN: 14423rwachte2,"Wachter, Ryan","",Junior,Ryan,Wachter,902130675,rwachte2@nd.edu, CSE 30341 Sec 01 CRN: 14423awagner9,"Wagner, Anna","",Junior,Anna,Wagner,902130680,awagner9@nd.edu, CSE 30341 Sec 01 CRN: 14423gwilli24,"Williams, Gabriella","",Junior,Gabriella,Williams,902130862,gwilli24@nd.edu, CSE 30341 Sec 01 CRN: 14423kwilli29,"Williams, Kelly","",Junior,Kelly,Williams,902145790,kwilli29@nd.edu, CSE 30341 Sec 01 CRN: 14423zzhao9,"Zhao, Zhipu","",Junior,Zhipu,Zhao,902146187,zzhao9@nd.edu, CSE 30341 Sec 01 CRN: 14423